Location,Tweets
Rio de Janeiro,"Apoio espont√¢neo √© bom n√£o √©? O senhor tem sim. (Boa parte pelo medo da esquerda voltar ao poder).

Mas h√° algo que n√£o sabe.

O Partido Novo inteiro tem apoio espont√¢neo. Jo√£o Amoedo tem apoio espont√¢neo. Romeu Zema. Rog√©rio Chequer. Gamine, Trindade.

Somos todos contra o velho https://t.co/NEJRMAIXgo"
,Eis a questao alvaro dias ou joao amoedo?
,"Para um Brasil Novo, vote Jo√£o Amo√™do, vote 30! Ele √© preparado, por isso #Jo√£oCom6"
Salvador,Jo√£o Amo√™do 30 on Twitter https://t.co/9xDHO5iNvd
"Belo Horizonte, Brasil",@antoniotabet Sou 17! mais o Jo√£o Amoedo consegui unir o pa√≠s
Curitiba - Paran√° - Brasil,Elei√ß√µes: conhe√ßa as propostas de Jo√£o Amo√™do para a¬†ci√™ncia https://t.co/36ojhinhlq https://t.co/MChJw6OvGR
"Balne√°rio Cambori√∫, Brasil",@jairbolsonaro Vc convocaria para sua sele√ß√£o do governo o Jo√£o Amoedo ?
Pouso Alegre MG,"Lutamos por valores e princ√≠pios!

#30 Jo√£o Amo√™do para presidente!
#30 Romeu Zema para governador!
#300 Rodrigo Paiva para senador!

O Brasil e Minas Gerais precisam de GESTORES! 

Reeleger os velhos pol√≠ticos... https://t.co/Z60lhdtpkI"
S√£o Paulo / Brasil,Entenda as propostas de Jo√£o Amo√™do para a presid√™ncia do Brasil https://t.co/GBX2sWdOLj
"Vit√≥ria, ES- Brazil","@paulacamara_ @PAULOPARMM A√ß√£o do NOVO 30. Parab√©ns, Jo√£o Amo√™do."
Pereira Barreto,"Datafolha - 5 a 10 sal√°rios

Bolsonaro 44
Haddad 16
Ciro 10
Geraldo 8
Jo√£o Amoedo 6
Marina 2"
S√£o Paulo,"Jo√£o Amoedo √© aquele tipo de amigo, que se ver voc√™ apanhando na rua, mesmo sendo amigo, desvia a dire√ß√£o e vai embora para n√£o se envolver em viol√™ncia.."
,@bruoliveiracrf Vote Jo√£o Amo√™do
"Fernand√≥polis, Brasil","@PauloLo23809006 Esses s√£o verdadeiros patriotas, os que acreditam que amo√™do seria bom, mas que √© de extrema urg√™ncia votar em Bolsonaro agora...mas nesse mesmo contexto, fica claro o verdadeiro interesse desse Jo√£o laranja e n√£o √© o bem do Brasil. Ent√£o n√£o serve agora e n√£o servir√° no futuro"
"Goi√¢nia, Brasil",Elei√ß√µes: conhe√ßa as propostas de Jo√£o Amo√™do para a ci√™ncia https://t.co/xuqHz47f8f https://t.co/8DkMXjsLjR
"S√£o Bento do Sul, SC - Brasil",I added a video to a @YouTube playlist https://t.co/fR4sgPITGN Teste do Sof√° ep. 23 | Jo√£o Amoedo
Novo Hamburgo,Jo√£o Amo√™do nos debates: Apoie essa id√©ia! - Assine a peti√ß√£o! https://t.co/EVZAd63zut via @change_br
,"@anahilgemberg @Hhimaportuga Eu at√© podia citar o Jo√£o amoedo como candidato sincero, mas at√© ele mentiu ent..."
Mato Grosso do Sul ,"@SolderaGiordano Eu n√£o concordo com quase nada que ele diz, um homem igual ele n√£o tem capacidade mental para comandar o Brasil, Haddad √© um vagabundo, por isso √© importante falar sobre o Jo√£o Amo√™do √∫nico cara capacitado para comandar o Brasil..."
"Fortaleza, CE Brasil","Excelente entrevista com o candidato mais preparado, inteligente e competente.
Vale a pena assistir e pesquisar mais sobre Jo√£o Amo√™do e o partido NOVO. Dia 07/10 vote sem medo e vote consciente. https://t.co/n33IaALurP"
Cataguases (MG),Elei√ß√µes: conhe√ßa as propostas de Jo√£o Amo√™do para a ci√™ncia https://t.co/V8ehNikaMd
‚Ä¢ twd ‚Ä¢ spn ‚Ä¢ dw ‚Ä¢ tvd ‚Ä¢,"meus xod√≥s pra candidato a presid√™ncia s√£o Jo√£o Amoedo,Ciro Gomes,Marina Silva,Henrique Meirelles,√Ålvaro Dias e Geraldo Alckmin eh isto"
"Americana, Brasil",Jo√£o Amo√™do fala sobre como tirar o PT do poder https://t.co/Dz6Wv0O8sV
"Recife, Brasil","Jo√£o Amo√™do n√£o √© daquela s√©rie?
.
.
.
3%?"
"S√£o Paulo, Brasil","Amoedo de mochila pra passar a imagem de cidad√£o comum. Bom, a maioria dos pol√≠ticos fazem isso n√£o √© Jo√£o? N√£o √© s√≥ voc√™... https://t.co/jUTJymOL8K"
S√£o Paulo,"Se cada pessoa que se diz indecisa votar no Jo√£o Amoedo, garanto que teremos grandes mudan√ßas no cen√°rio eleitoral. https://t.co/MhrXzfiRFI"
Brasil,@antoniotabet Nem l√° e nem c√°: voto Jo√£o Amoedo 30.
,"O pedido partiu de Jo√£o Amoedo do Partido Novo que, pelo visto, de novo n√£o tem nada, pois a pr√°tica da censura vem dos tempos da ditadura. https://t.co/GmCfpDaV4C"
"Maring√°, Brasil",Jo√£o Amoedo vai pra uns debatizinhis agora uhull.
"S√£o Bernardo do Campo, Brasil","@Yfelix17 @Aguinaldinho Sim e n√£o √© o #EleN√£o que esta envolvido em v√°rios casos de corrup√ß√£o como lavagem de dinheiro (jbs) funcion√°rios fantasmas, auxilio moradia (pra comer gente). Ficha limpa: Marina Silva, Jo√£o Amo√™do e Ciro Gomes o resto √© balela. Se querem algo novo op√ß√µes tem #PTNUNCAMAIS"
"Vit√≥ria, ES- Brazil","@JotaInfo Mas o NOVO 30 entrou em a√ß√£o e Fux negou.
Parab√©ns, Jo√£o Amo√™do."
"Vit√≥ria, ES- Brazil",@blogdojefferson O NOVO 30 entrou em a√ß√£o e Fux impediu a entrevista. Parab√©ns ao Jo√£o Amo√™do.
"61 Bras√≠lia, Brasil ",Queria tanto que o Jo√£o amoedo tivesse espa√ßo na m√≠dia como os outros candidatos
Florian√≥polis/ Curitiba,Gostei de um v√≠deo @YouTube https://t.co/oEeKOdi9Ee &amp; PLANETA ENTREVISTA: JO√ÉO AMOEDO (NOVO)
S√£o Paulo BR,"Vamos √†s ruas com nosso candidato a presidente, *Jo√£o Amo√™do*, nosso candidato a governador, *Trindade*, e nosso embaixador, *Bernardinho*. Venha participar da caminhada Domingo, 30/10
‚è∞ 10h da manh√£
üìç Praia do Flamengo
VamosRenovarTudo #VoteNOVO #Trindade30 #Trintei"
Brasil,Elei√ß√µes: conhe√ßa as propostas de Jo√£o Amo√™do para a ci√™ncia https://t.co/JmtIuuOeLA https://t.co/2MPwMZcc69
"Umuarama, Brasil",Jo√£o Amo√™do nos debates: Apoie essa id√©ia! - Assine a peti√ß√£o! https://t.co/FC5lZ6SKs9 via @change_br
"Jo√£o Pessoa, Brasil",Gostei de um v√≠deo @YouTube https://t.co/oT1NVs1mnS do Jo√£o Am√¥edo explica porque MIGROU pro Bolsonaro
"Vit√≥ria, ES- Brazil","Vote Jo√£o Amo√™do 30.
E n√£o reeleja ningu√©m. https://t.co/pKmfUXYu6h"
,"@antoniotabet Jo√£o Amo√™do, candidato a Presidente mas vi√°vel para nosso pa√≠s."
S√£o Sebasti√£o SP,"Os fdps da band, globo e facebook bloqueram o video no youtube da entrevista do Datena onde no hospital, v√™ se d√° pra colocar no canal tv mano, sa√∫de capit√£o, vc vencer√° no primeiro turno, Jo√£o Amoedo, cb Daciolo e Alvaro Dias v√£o ajudar, abs"
Porto Alegre,"@diegoreporter O Ministro Fux concedeu tutela ao Partido Novo, impedindo a entrevista. Jo√£o Amoedo publicou essa not√≠cia h√° algumas poucas horas."
,@JoelPinheiro85 @pcarvalhojp Jo√£o Amo√™do ficha limpa e principalmente com propostas vi√°veis a nossa realidade.
,Olha o monte fazendo efeito! https://t.co/baCEcbtwXp
S√£o Sebasti√£o SP,"Os fdps da globo,dire√ß√£o de jornalismo da band, facebook, bloquearam a entrevista do Datena co vc ontem no hospital, pede pra colocar no canal de tv  mano, sa√∫de capit√£o vc vai vencer primeiro, turno com ajuda ainda de Jo√£o Amoedo e Daciolo, Alvaro dias e ca"
"Vit√≥ria, Brasil","Cabo Daciolo ultrapassa Meirelles, Boulos e Jo√£o Amo√™do
https://t.co/usgQ1PQaC1"
"Belo Horizonte, Brasil","@antoniotabet @PENTAndrey Pelo visto o nome √© Jo√£o amoedo √© o novo herbalife e Hinode.
""j√° ouviu falar de Jo√£o amoeba?"" kk se ningu√©m ouviu √© pq ele n√£o se esfor√ßou direito, tem Q acordar mais cedo Jo√£ozinho. Tem Q ter resili√™ncia."
"Iguape, S√£o Paulo, Brasil","@gylk Livrai-nos dos machistas, radicais e corruptos da pol√≠tica. Permitam que o Jo√£o Amoedo apare√ßa nos debates."
"S√£o Lu√≠s, Brasil",estava querendo votar no Jo√£o Amo√™do mas agora n√£o vou votar mais n√£o rsrs
paulari is real ‚Ä¢ 09/01,"julia quer q eu rache um uber do ipem de baixo ate o turu, ela pensa que eu sou o joao amoedo????"
Fortaleza - CE,Gostei de um v√≠deo @YouTube https://t.co/7whj3EE7G0 do Jo√£o Am√¥edo explica porque MIGROU pro Bolsonaro
"Santos, Brasil",O meu voto √∫til √© JO√ÉO Amoedo !!!! #vote30
Brasil,Gostei de um v√≠deo @YouTube https://t.co/V6j9WH73IC &amp; PLANETA ENTREVISTA: JO√ÉO AMOEDO (NOVO)
rio de janeiro,"O NOVO DO Jo√£o Amo√™do,,MESMO ESTANDO LA ATR√ÅS COM 3 POR CENTO DAS INTEN√á√ïES DOS VOTOS,,,JA ESTA TRABALHANDO POR UM BRASIL MELHOR.."
"Iguape, S√£o Paulo, Brasil","Voc√™ compra produto estragado no supermercado? Na elei√ß√£o √© igual: n√£o vote em candidato ""estragado"": ficha suja, corrupto, viciado em poder, poste etc. Exija candidato novo. Pense NOVO. Partido Novo 30. Vote no Partido Novo 30. Jo√£o Amoedo para presidente."
Espirito Santo,"observo muuitos coment√°rios do tipo: esse candidato jo√£o amoedo √© bom, mas n√£o voto nele porque ele n√£o tem chance.... ??????????????????????????????????????????????????????????????????????????????????????????????????????? √© cada bug na minha cabe√ßa"
EU N√ÉO SEI,SABE QUEM TAMB√âM N√ÉO DEFENDE? JO√ÉO AMO√äDO
ol,"@unuhsual Depende do candidato que est√°s falando

S√£o 13 candidatos:
√Ålvaro Dias
Cabo Daciolo
Ciro Gomes
Eymael
Fernando Haddad
Geraldo Alckmin
Guilherme Boulos
Henrique Meirelles
Jair Bolsonaro
Jo√£o Amo√™do
Jo√£o Vicente Goulart
Marina Silva
Vera L√∫cia"
Botucatu - SP,Entenda as propostas de Jo√£o Amo√™do para a presid√™ncia do Brasil https://t.co/4WXX46jvJb
"Belo Horizonte, Brasil",amigo meu que votar no ciro gummy ou no haddad (principalmente) precisa conversar comigo mais n√£o vote sem medo vote joao amoedo 30 partido novo bom dia
Am√©rica Latina,"senhoras e senhores, Maur√≠lio dos Anjos, um dos maiores motoristas do transporte alternativo do pa√≠s, sobre Jo√£o Amoedo. https://t.co/9s2rFo0wSy"
"Volta Redonda, Rio de Janeiro","@VEJA Obrigada Veja por mostrar a verdadeira face desse mentiroso eu o conhe√ßo e pesquisei tamb√©m ele √© ainda pior. Continue e tire todos os esqueletos do arm√°rio desse falso moralista. Tem muito mais coisa ai que eu sei. Talvez assim o povo acorde e vote Jo√£o Amoedo, realmente do bem."
"Franca, Brasil",perdeu o voto do bairro inteiro pro joao amoedo kkkkkkk o pessoal aqui ta puto
"Franca, Brasil",quero saber quem √© o filho da puta q me acordou 8 horas da manh√£ ouvindo jingle do jo√£o amoedo SUPER alto repetindo mil vezes
"Canind√©, Brasil","Parem de dizer que o Bolsonaro √© liberal, liberal √© o Jo√£o Amoedo do partido NOVO, os caras do movimento LIVRES, Bolsonaro √© um neofascista que ganha voto em cima de um falso discurso liberal, anti-petista e anti-comunista."
,"@WevertondaCos10 @LiGoncalves1 @antoniotabet @joaoamoedonovo Negado. No caso citado, eu acho Jo√£o amoedo apenas uma estrat√©gia do temer. N√£o v√™ quem n√£o quer. Uma estrat√©gia que falhou. √önico candidato sem conluio com o sistema √© Jair Bolsonaro. Vc sabe disso. Todos sabem disso. Por isso ele lidera em todos os estados."
Florian√≥polis - SC,"O jogo sujo tem sido uma marca lament√°vel dessa campanha.
Se se valessem da verdade o PT n√£o iria vencer. https://t.co/lfPA1zXAXp"
"Aracaju, Brasil",Entenda as propostas de Jo√£o Amo√™do para a presid√™ncia do Brasil https://t.co/N1ZahhMUb3
"Bruxelas, B√©lgica",Jo√£o Amo√™do nos debates: Apoie essa id√©ia! - Assine a peti√ß√£o! https://t.co/09BnCUiqtW via @Change
,"Na moral, Ross √© o mais inteligente de todos ali, mas como EUA √© um pa√≠s de Direita, ele votaria em um Jo√£o Amoedo, toda aquela patifaria de estado m√≠nimo. O Joey sim votaria no outro por ser burro. https://t.co/5vBtqHUzJp"
"Natal, Brasil","@Rafael_loppes1 Mas Bolsonaro falou que n√£o aceita outro resultado, como se ele tivesse 65, 70% de inten√ß√µes de voto. Se fosse assim, realmente teria direito de suspeitar de algo. Mas ele acha que a bolha que ele vive representa todos os eleitores. Multid√£o at√© Jo√£o Amo√™do tem."
,"Pesquisa Ibope para presidente: Bolsonaro, 28%; Haddad, 22%; Ciro, 11%; Alckmin, 8%; Marina, 5%
Jo√£o Amo√™do (Novo) tem 3%; Alvaro Dias (Podemos) e Henrique Meirelles (MDB) t√™m 2% cada um; Guilherme Boulos (PSOL), 1%; Cabo Daciolo"
Salvador | Lauro de Freitas,"Jo√£o Amoedo querendo impedir entrevista de Lula. Esse √© o novo?#EleNao querendo tirar a Veja das ruas. Arma t√° liberado, mas a imprensa n√£o?"
Sao Paulo,"@JesGomes @joaoamoedonovo Eu fiz campanha para o Jo√£o Amoedo, mas mudei meu voto para o Bolsonaro pra ganhar logo no primeiro turno"
,Ex-eleirora do Jo√£o Am√¥edo explica porque MIGROU pro Bolsonaro https://t.co/1Ro6C4epvo
Brasil,Conhe√ßa primeiro... depois ESCOLHA. https://t.co/ovoRuuxxqE
Boa Esperan√ßa,"Jo√£o Amo√™do est√° perdendo at√© para o Cabo Daciolo. ü§î  Vixi o neg√≥cio ta feio ü§£ü§£ü§£ü§£ü§£ü§£ü§£ü§£ Acelera Jo√£o, voc√™ ta igual ao Rudinho Barrichello. kkkkkkkkkkkkkkkkkkkkkkk"
,"@Luciana99221440 @VillaMarcovilla Jo√£o Amoedo n√£o tem mais chances,s√≥ restou o Bolsonaro para tirar o Pt."
brazil,"@CAldrigues @Casfriend @CanalDoOtario Se esqueceu de √Ålvaro Dias, Henrique Meirelles e Jo√£o Amoedo, que s√£o pessoas com bom hist√≥rico e excelentes propostas, mas o brasileiro n√£o procura conhec√™-los. S√≥ vota pelo ""meme"" ou pela ""lacra√ß√£o"" e insiste em mandar as pessoas estudarem. Brasileiro tem de se fuder mesmo."
,"A diferen√ßa  do NOVO e o velho,nenhum partido se manifestou contra a entrevista do presidi√°rio,acorda Brasil, vote sem medo,vote Jo√£o Amo√™do. #votesemmedo #novo30"
Aracaju - SE,"@joaoamoedonovo üëèüëèüëèüëèüëèüëèüëèüëè
Jo√£o Amoedo √©  o melhor para governar o BRASIL."
Brasil,Gostei de um v√≠deo @YouTube https://t.co/u9DyogaCoc &amp; PLANETA ENTREVISTA: JO√ÉO AMOEDO (NOVO)
Florian√≥polis SC | Curitiba PR,"Vote 3Ô∏è‚É£0Ô∏è‚É£, vote Jo√£o Amo√™do !!! https://t.co/D5PJtpSebg"
,"O PRESIDENCI√ÅVEL JO√ÉO AMOEDO POSSUI EXPERI√äNCIA EM GEST√ÉO PRIVADA √â  MELHOR ESCOLHA AO BOLSONARO E HADDAD O PSICOPATA.
https://t.co/jOgU0BzrfL"
,@joaoamoedonovo Jo√£o Amo√™do voc√™ me representa! Parab√©ns pela iniciativa.
"S√£o Paulo, Brasil",Jo√£o Amo√™do nos debates: Apoie essa id√©ia! - Assine a peti√ß√£o! https://t.co/VfUIspVfbd via @change_br
"Taubat√©, Brasil","@MatheusPatric90 No meu ponto de vista para quem quer seguir com suas ideologias, para a esquerda a melhor op√ß√£o seria o Ciro, j√° para direita o Jo√£o Amoedo"
,"Ou Meirelles , Jo√£o Amoedo e Alckmin se re√∫nem na reta final apoiando um candidato de centro ou teremos PT, no 2¬∞ e com chances reais de levar .
Um candidato apoiado pelos tr√™s teria chances tanto de ganhar como de governan√ßa ,j√° que o  resultado ser√° judicializado pelos extremos"
"Erval Grande, Brasil",@vicari_julia Jo√£o Amoedo
Belo Horizonte,"Mesmo sem debates na Globo, vamos juntar os votos e levar o JO√ÉO AMO√äDO para o 2¬∫ turno."
Uberaba/MG,"@CacauHeinz @joao_nery @o_antagonista N√£o tiro tua raz√£o, maaaaas, Amoedo, caso chegasse ao segundo turno, n√£o rejeitaria alian√ßa  com a direita, q √© quase inexistente, nem com a esquerda"
Brazil,"One Piece e as Elei√ß√µes 2018
 Nami - Jo√£o Amo√™do

Sempre muito gananciosa e geralmente √© que mais acumula berries no bando, com todo seu conhecimento de navega√ß√£o (empreendedorismo) quer construir seu sonho de fazer um Mapa Mundi (ajudar a criar um partido com fundos pr√≥prios) https://t.co/RC3PhbDAbv"
"Rio de Janeiro, Brasil","@joaoamoedonovo Ouso dizer que Jo√£o Amoedo e Bolsonaro tem id√©ias bem parecidas, com a diferen√ßa que Bolsonaro n√£o fica em cima do muro, da a cara para bater, mas como sempre digo, Nossa bandeira jamais ser√° LARANJA üòòüáßüá∑üáßüá∑üáßüá∑üáßüá∑üáßüá∑üáßüá∑üáßüá∑üáßüá∑"
Bras√≠lia-DF,Agora √© a vez de Jo√£o Amo√™do! #VOTENOVO30 https://t.co/ECvyFxjnW7
,"@Leandrolemartt @joao_nery @o_antagonista Voto no Amoedo. O √∫nico que foi capaz de me convencer a sair de casa para votar. 
Antes dele eu n√£o ia sequer gastar gasolina para anular o voto."
"Minas Gerais, Brasil",@AnaPaulaVolei @cidao83 Vamos com #Jo√£oAm√¥edo presidente √© 30 esse sim veio para mudar e transformar o nome Brasil √© hora de despertar o gigante que h√° dentro de cada um de voc√™s n√£o tenha medo pq o medo nos paralisa vamos todos com #Jo√£o Amo√™do 30sem medo de ser feliz vamos #Trintar povo brasileiro
,"''Pesquisa um pouco sobre Jo√£o Amoedo antes de votar no Bolsonaro.''

Meu amigo, j√° conhe√ßo Jo√£o Amoedo e as propostas dele antes de voc√™ entrar no modismo de elei√ß√£o!!!"
"Campo Grande-MS, Cuiab√°-MT","Cabo Daciolo ultrapassa Meirelles, Boulos e Jo√£o Amo√™do | Radar https://t.co/dxdBhwZMKm"
Brasil,"Tem que ter muita aud√°cia pra falar mal do Jo√£o Amoedo hahahahahahhahha 

√â burrice que fala"
"Sao Paulo, Brazil","@EnesioBelotti Jo√£o Amo√™do est√° empatado com Marina e na frente do √Ålvaro Dias, Meirelles e Boulos, todos participantes dos debates, por isonomia, Jo√£o Amo√™do √© um candidato √† presid√™ncia como estes citados, e em tese teria o mesmo direito de participar para expor seu programa, pressione Globo"
"Curitiba, Brasil","O neg√≥cio √© votar no Jo√£o Amo√™do, bom dia"
,@joao_francisco @partidonovo30 Por isso escolhi Amoedo
,Entenda as propostas de Jo√£o Amo√™do para a presid√™ncia do Brasil https://t.co/h8Wn2OONwu
"Iguape, S√£o Paulo, Brasil",@freire_roberto Geraldo representa o retrocesso. Pense NOVO. Partido NOVO 30. Jo√£o Amoedo para presidente.
"Campo Grande, MS, Brasil","Mas, isso √© √≥bvio!... S√≥ um idiota acreditaria que o vice do Jo√£o Amo√™do estaria ""apoiando"" qualquer outro candidato. https://t.co/MPX6QIsfxb"
,@AnaPaulaVolei @lobaoeletrico Por isso temos que votar no melhor e o melhor √© Jo√£o Amo√™do. O Bolsonaro nunca foi relevante. Por que seria agora?
"Minas Gerais, Brasil",@joaoamoedonovo #Jo√£o Amo√™do presidente √© 30 esse me representa
Rio de Janeiro,"@SaraRaq16509164 @mjandrade Pois √© por raz√£o que eu reafirmo meu voto no Jo√£o Amoedo e em todos os outro cargos no novo
https://t.co/N04nNFOX8E
Todos limpos! Nenhum envolvido em dela√ß√£o! Ningu√©m envolvido em coisa nenhuma!
@deltanmd"
"Rio de Janeiro, Brasil","E nem um babaca que n√£o tem qualquer projeto a n√£o ser o da viol√™ncia 
Vote sem MEDO 
Votem no JO√ÉO AMO√äDO #joaocom6 https://t.co/NveunQZzwm"
"Cuiab√°, Brasil","O trofeuzinho de hoje vai para o Ministro Fux e Jo√£o Amo√™do. Fizeram por merecer.

#HaddadPresidente https://t.co/IXCiXTtqeD"
"Iguape, S√£o Paulo, Brasil","Este √© o nicho do Partido NOVO 30. Jo√£o Amoedo para presidente. 
Haddad e Bolsonaro lideram rejei√ß√£o em SP https://t.co/mth1ZTz5AO"
Brasil,"#SEM MEDO ,JO√ÉO AMOEDO ...#joaocom6 https://t.co/MYdb0a8Gt2"
Rio de Janeiro,"@sofia_moraes2 @beltraomaria Ent√£o n√£o pode dizer que nenhum presta sem antes conhecer todos n√©? Procura na internet a√≠, no YouTube Jo√£o Amoedo. Voc√™ vai se surpreender! üòÄüòÄüòÄ üëç"
"Rio de Janeiro, Brasil","A grande m√≠dia conseguindo impor o candidato da esquerda. 
O FARSANTE do Bolsonaro foi e est√° sendo o Ouro de Tolo das elei√ß√µes, as grandes m√≠dias usaram para depois mastigar e faturar a volta do pt.
N√£o quer o pt de volta, VOTE NO JO√ÉO AM√îEDO ou at√© mesmo no GERALDO ALCKMIN. https://t.co/0MHR3s8X92"
Rio de Janeiro,"@leticiaoliveira Eu fico com Jo√£o Amoedo at√© o fim e nessa elei√ß√£o cada voto que Bolsonaro receber e como aprova√ß√£o do preconceito sim, de cor, de pobre de homossexuais e achar que mulher existe para ser usada!
#EleNao @Estadao @VEJA @estudioi @ECantanhede 
@sandraacoutinho"
"Turvo, Brasil",@joaoamoedonovo @AluisioEscritor Vai te catar Jo√£o Amoedo!
"Santa Catarina, Brasil",E(L!)ei√ß√µes 2018 - Jo√£o Amo√™do: 'Removeremos corrup√ß√£o do esporte' https://t.co/tlmfaQ8028
,@joaoamoedonovo O povo esta exigindo  √© um direito que nos cabe queremos ver Jo√£o  Amoedo nos debates #JoaoCom6
"Rio de Janeiro, Brasil","@LeiaRachor Liminar pedida por @partidonovo30 e @joaoamoedonovo 
Porque o seu mito anda entretido com as ex. E vc acha que ele tem classe e postura para Presidente ? (Bom elegemos a Dima e o Lula) 
Tenham bom senso e coragem 
Votem sem Medo 
Votem no JO√ÉO AMO√äDO #joaocom6"
Brasil,E(L!)ei√ß√µes 2018 - Jo√£o Amo√™do: 'Removeremos corrup√ß√£o do esporte' https://t.co/b7KTnyYj22 https://t.co/FdQEjp39KQ
,Gostei de um v√≠deo @YouTube https://t.co/LDapazXHYk &amp; PLANETA ENTREVISTA: JO√ÉO AMOEDO (NOVO)
"Capital, EoD","O Jo√£o Amoedo √© um dos melhores candidatos para a presid√™ncia brasileira
O √∫nico visivelmente n√£o populista desnecessariamente, ideol√≥gico, com uma proposta anticorruptiva incr√≠vel e  verdadeiro social democrata libert√°rio... S√≥ a parte das armas para todos √© que... Enfim..."
,"O presidente que quero para o Brasil √© o Jo√£o Amo√™do, preparado, tem 55 anos, ficha limpa, quer cortar privil√©gios pol√≠ticos que tiram bilh√µes do nosso bolso por ano e investir da educa√ß√£o e sa√∫de.
#JoaoCom6%
#JoaoSim
#VoteNovo30 https://t.co/UREAhO2YU5"
,Sobre Jo√£o Amoedo üòÇ https://t.co/Th3vSxnnOJ
,NOVO30 √© NOVO √© Jo√£o Amo√™do. https://t.co/M6glVZLhlP
Jap√£o,@carlosapmarques Jo√£o Amoedo
"Brazil, South America.",Jo√£o Amo√™do nos debates: Apoie essa id√©ia! - Assine a peti√ß√£o! https://t.co/2tvFh78xvd via @change_br
,@krolkodile Queria que acontecesse isso com o Jo√£o Amo√™do...
Lagoa Santa - MG,"Agrade√ßam ao Ciro, ao Alckimin e ao Jo√£o Amoedo o trabalho sujo feito. Est√£o pavimentando o caminho para o PT. https://t.co/hFSTPDGrEM"
Foz do Igua√ßu,Jo√£o Amoedo tem cunho socialista KKKKKKKKKKKKKK ai mano ri tanto dessa porra
"Porto Alegre, Brazil",Entenda as propostas de Jo√£o Amo√™do para a presid√™ncia do Brasil https://t.co/kS5XfRxVmV
Recife,"@FredFigueiroa Nessa elei√ß√£o existem candidatos admir√°veis:
Candidatos admir√°veis de Direita: Jo√£o Amoedo.
de Centro: √Ålvaro Dias
de Esquerda: Marina Silva e Eduardo Jorge.
E infelizmente ela est√° restrita aos piores:  Haddad (o pior), Ciro, Alckmin e  Bolsonaro."
Rio de Janeiro,"@zinha008 @partidonovo30 Partido novo atende toda a agenda socialista imposta pela ONU, eu acredito que o Jo√£o Amoedo n√£o representa o partido, lembre-se que voc√™ vota no Jo√£o e ganha o partido de brinde, √© s√≥ pesquisar que voc√™ vai ver, que √© um PSOL com um vies mais econ√¥mico liberal."
,"Po Jo√£o amoedo √© dahora, mas t√° come√ßando a ficar chato j√° os f√£s"
,"Cabo Daciolo ultrapassa Meirelles, Boulos e Jo√£o Amo√™do | Radar https://t.co/30QuL4w29m"
"Porto Alegre, Brazil","@marceloboeira_ √Ålvaro Dias, Ciro Gomes, Geraldo Alckmin, Guilherme Bolos, Henrique Meirelles, Jo√£o Amoedo e Marina Silva. Em ordem alfab√©tica para mostrar que sou isent√£o. üòÜ"
Curitiba; Campinas; Mil√£o,"""Essas pr√°ticas usadas por essa turma do Bolsonaro, de manipula√ß√£o de v√≠deo, s√£o as mesmas do PT, que a gente tanto abomina. A √∫nica alternativa pra gente fugir dessa polariza√ß√£o, dessa canalhice, √© votar em Jo√£o Amo√™do."" 

Professor Christian https://t.co/w3vb1fiS3F"
Belo Horizonte - MG Brasil,"@ECantanhede Seus coment√°rios de imparciais n√£o tem nada, lament√°vel o apoio de Jornalistas ao Corrupto PT.
Ningu√©m de voc√™s fez por onde o NOVO 30 Jo√£o AMOEDO 30 estar nos Debates, para o Brasil mudar."
Florian√≥polis - SC,"Quem que realmente trabalha contra o PT?
Por isso meu voto √© Jo√£o Amo√™do do NOVO 30!
#vamosrenovartudo https://t.co/jcWflSOhuN"
"-24.954876,-53.439661","Se Jo√£o Amo√™do tiver 1 voto ser√° o meu, j√° ter√° v√°lido a pena toda a surra que tomei por este decis√£o, o melhor candidato desde a redemocratiza√ß√£o, o pa√≠s perdeu, n√£o eu, estarei l√°, sempre a favor do meu pa√≠s.
#VemComJo√£o30"
Goi√¢nia-Goi√°s-Brasil,"Cabo Daciolo ultrapassa Meirelles, Boulos e Jo√£o Amo√™do https://t.co/6WgKw4Xj8y via @VEJA"
"Pedro Leopoldo, Brasil","@jornalnacional @williambonnerO @GloboNews 
T√Å FICANDO MUITO FEIO PARA UM CANAL COM TANTA AUDI√äNCIA PARTICIPAR DE MARACUTAIAS COM DATAFOLHA PARA TIRAR A VOZ DE JO√ÉO AMO√äDO! 
DEUS EXISTE! 
VCS V√ÉO PAGAR CARO!"
"Rio de Janeiro, Brasil","@wadao27 @conexaopolitica Com mais de 50% de gente que n√£o vota no Bozo  , ele perde para todos. O voto util √© mesmo no mais transparente preparado e competente candidato
Deixem de mimimi e votem sem medo 
Votem no JO√ÉO AMO√äDO #joaocom6"
"Itu, Brasil",Di√°logos Jo√£o Dionisio Amoedo - Partido NOVO https://t.co/6IY1zQdCpi via @YouTube @joaoamoedonovo @partidonovo30 @ChristianProf_ @rogerchequer #JoaoCom6%
Bragan√ßa,Pega fogo cabar√© https://t.co/cIJguthwLi
Moon,Gostei de um v√≠deo @YouTube https://t.co/RqbiHdim4u√ß√µes 2018 - Jovem Pan sabatina Jo√£o Amo√™do
,@nilmoretto Eu gosto muito do Jo√£o Amo√™do #joao30com1milhao
Maring√° PR - BRASIL,Jo√£o Amo√™do nos debates: Apoie essa id√©ia! - Assine a peti√ß√£o! https://t.co/qIooVrBH1j via @change_br
Amsterdam,@felipeneto Cara se estivesse defendendo o Jo√£o Amo√™do eu entenderia pois √© uma pessoa sensata agora o Ciro? Kkkkkk
,@UOL Eles N√ÉO! Meu voto vai para o partido NOVO. Joao Amoedo
Mairinque,"#Datafolha
Bolsonaro (PSL): 28%
Haddad (PT): 22%
Ciro Gomes (PDT): 11%
Alckmin (PSDB): 10%
Marina Silva (Rede): 5%
Jo√£o Amo√™do (Novo): 3%
Henrique Meirelles (MDB): 2%
Alvaro Dias (Podemos): 2%
Cabo Daciolo (Patriota): 1%
Vera L√∫cia (PSTU): 1%
Guilherme Boulos (PSOL): 1%"
Brasil,"Parab√©ns ao Jo√£o Amo√™do e ao Partido Novo por nos representar nesta a√ß√£o. Parab√©ns tamb√©m ao Ministro do STF, Lu√≠s Fux pela sensatez.... https://t.co/ALp8md8OU3"
,@joaoglap Jo√£o amoedo
"Osasco, Brasil",Gostei de um v√≠deo @YouTube https://t.co/20zaGjgSfD Livre: Jo√£o Amo√™do - Parte 2
"Mato Grosso do Sul, Brasil",@alefrotabrasil N tem a marina o Jo√£o amoedo entre outros para de fake
"S√£o Paulo, Brazil",@allantercalivre Estou com Jo√£o amoedo
Igarassu - Pe - Brasil,Vote  sem medo. Vote 30. Vote Jo√£o Amoedo. https://t.co/YbBokQgRjL
,@lucasnnunes7 jo√£o amoedo po
,"@EltonCivil @marianafbr @pablo_f_souza @pedrohco_ @MulherDir @misscaviar @turcorj @joaoamoedonovo @jairbolsonaro Jo√£o amoedo e bolsonaro praticamente tem o mesmo tempo de tv, um est√° liderando as pesquisas e o outro ta tentando marca 6% pra ir a um debate, o que h√° de errado ai? porque a conta n√£o fecha."
"Rio de Janeiro, Brasil","@blogdojefferson Mas o ministro FUX concedeu liminar interposta pelo @partidonovo30 para reverter isso e negar qualquer entrevista ao presidi√°rio . Como sempre  
SEM MEDO DO PT o @joaoamoedonovo o √∫nico a se posicionar e obter resultados 
Votem sem Medo 
Votem no JO√ÉO AMO√äDO 
#JoaoCom6"
Sao Paulo,H√° uma raz√£o para tantos seguidos esc√¢ndalos de quase todos os candidatos. S√£o os mesmos que parasitam a d√©cadas nossa na√ß√£o. Cada vez mais com a certeza de que Jo√£o Amo√™do do Partido Novo √© o melhor candidato √† presid√™ncia. Voto √∫til √© o escambau!!!
,@cesarmarqs_ Joao amoedo 2018
,"@DeniseCToledo8 @joaoamoedonovo @JovemPanNews Vcs s√£o demais! Acompanho sempre! Jo√£o Amo√™do, baita presen√ßa!! üëèüëè"
"Rio de Janeiro, Brasil","@conexaopolitica @wadao27 Mentirinha dos Bolsominions 
Eleitores do Jo√£o Amo√™do votam sem Medo
Votam no Jo√£o Amo√™do 
Ele que derrota o PT no 2¬∞turno https://t.co/cwV5HXoyuD"
Brasil - S√£o Paulo,@MarleneCapacci @PaulogeoP @alefrotabrasil Por isso voto em Jo√£o Amoedo 30
"Santa Maria, Rio Grande do Sul",Eu acho o Jo√£o Amoedo mt fofinho queridinho da vontade de abra√ßar ele
,@exame @joaoamoedonovo O Brasil preciso ouvir o candidato Jo√£o Amo√™do!
Rio de Janeiro,S√≥ queria o patrim√¥nio de 400 milh√µes do Jo√£o Amoedo na minha vida
,@JesGomes @joaoamoedonovo Jo√£o Amoedo vai fazer 15 pontos e vai ao segundo turno. Votem nele. Dia 7 v√£o ver que isso vai acontecer.
Brazil,"Pesquisa Datafolha para presidente: Bolsonaro, 28%; Haddad, 22%; Ciro, 11%; Alckmin, 10%; Marina, 5% Jo√£o Amo√™do (Novo) tem 3%; Henrique Meirelles (MDB) e Alvaro Dias (Podemos) t√™m 2% cada um; Cabo Daciolo (Patriota), Vera (PSTU) e Guilherme Boulos (PSOL), 1% cada; Jo√£o Goulart"
"Fortaleza, Brasil",pessoas millennial querendo votar em joao amoedo
"Sinop, Brasil","Tem o amor da minha vida mais conhecido como Henrique Meirelles disputando a elei√ß√£o, tem √Ålvaro Dias, te Jo√£o Amoedo e no segundo turno vou ter que torcer pro Bolsonaro, tudo pra n√£o eleger um retardado desequilibrado.
Essa popula√ß√£o √© uma vergonha mesmo."
Brazil,Gostei de um v√≠deo @YouTube https://t.co/iqfjN3opWc &amp; PLANETA ENTREVISTA: JO√ÉO AMOEDO (NOVO)
Brazil,"Eu apoiava Amo√™do, agora apoio Bolsonaro
27 SET '18
JO√ÉO CESAR DE MELO
https://t.co/9rM4uoPFzh"
Brasil,"Eu apoiava Amo√™do, agora apoio Bolsonaro
27 SET '18
JO√ÉO CESAR DE MELO
https://t.co/cpxGgaCwKe"
"Rio de Janeiro, Brasil","@gustavoramos @joaoamoedonovo @partidonovo30 @joaoamoedonovo  √© o Macron da politica brasileira n√£o deixem escapar a oportunidade
VOTEM SEM MEDO  30
Votem no JO√ÉO AMO√äDO 
#JoaoCom6"
,"Um debate com Jo√£o Goulart filho, eymael, amoedo e vera lucia"
Duque de Caxias,"a carta do Sr. Fernando expressa tudo o que o brasileiro de bem deseja de um partido pol√≠tico e sua gratid√£o eterna ao Jo√£o Amo√™do e ao #NOVO30 tamb√©m √© a nossa!

se vc gostou da carta, vc tamb√©m √© NOVO e ainda n√£o sabe.

#VamosRenovarTudo https://t.co/Vx9Ldf88k3"
Rio de Janeiro,"Em publica√ß√£o anterior, o PORTAL DA F√ÅTIMA AUGUSTA informou que apresentar√≠amos um breve resumo sobre a biografia dos presidenci√°veis. Hoje √© a vez de Geraldo Alckmin, Marina Silva e Jo√£o Amo√™do.
https://t.co/GewnuzyE6y"
"Belo Horizonte, Brasil","@GrafM4 @monicabergamo Porque Jo√£o Amoedo √© o melhor candidato, o da economia liberal, q vai acabar com a mamata de dinheiro p√∫blico jogado na m√£o de jornalista e de ve√≠culo esquerdinha."
Brazil,Teste do Sof√° ep. 23 | Jo√£o Amoedo https://t.co/JtbbPIysMp
"Porto Velho, Rond√¥nia","Queria ver o Jo√£o Amoedo nos debates, o ngc ia ficar louco"
#TeamCap,Esse Jo√£o Amoedo parece meu primo Saulo
"Santa Maria de Jetib√°, Brasil","@tcosta_fabio @cinefilo_K voltamos com tudo com um candidato de verdade, esse ano temos Joao Amoedo mas a direita verdadeira xucra resolvel apoiar o mamador de tetas estatais. Ok entao se a esquerda voltar sera a culpa dos Bozoloides"
,"Eu: Jo√£o amoedo no primeiro turno
Galera: duas horas descutindo sobra pt e bolsonaro"
S√£o Paulo,"Gostei de um v√≠deo @YouTube https://t.co/rfwD1uqscu√ß√£o Eleitores do Bolsonaro, Cabo Daciolo, Jo√£o amoedo e Alvaro Dias O PT"
,"Como melhorar a qualidade do ensino?
""Colocar mais recursos no ensino b√°sico e fundamental e menos no superior""
- Amoedo, Jo√£o.
Pq isso vai melhorar para um caralho em meu querido üëåüëåüëå"
Brasil,Jo√£o Amo√™do nos debates: Apoie essa id√©ia! - Assine a peti√ß√£o! https://t.co/pm5Ts98IRV via @change_br
Anapolis - GO,"@gustavoramos @joaoamoedonovo @partidonovo30 Se todo mundo q falou aqui q o cara √© bom e tal parasse de falar q n√£o √© pra agora √© firmasse voto nele e convencesse mais pessoas a fazer ele estaria no segundo turno.

Amoedo derrota a esquerda, Bolsonaro n√£o!

Ser√° mesmo q √© os eleitores do Jo√£o q est√£o errados?"
,"Pessoal vamos l√°, Jo√£o Amoedo est√° tecnicamente empatado com Marina. Ele precisa chegar a 6‚ÑÖ p poder participar do debate na globo. #JoaoCom6 #JoaoNosDebates #joaoamoedopresidente"
BRASIL,Gostei de um v√≠deo @YouTube https://t.co/cWxxHzWTYd do Jo√£o Am√¥edo explica porque MIGROU pro Bolsonaro
,Gostei de um v√≠deo @YouTube https://t.co/zy4qKCEBTQ do Jo√£o Am√¥edo explica porque MIGROU pro Bolsonaro
"Itabira, Brasil","O neg√≥cio √© votar no Jo√£o Amoedo, tenta achar um candidato melhor e falhem"
,Jo√£o Amo√™do nos debates: Apoie essa id√©ia! - Assine a peti√ß√£o! https://t.co/cJto7ZymkE via @change_br
,"@joaoamoedonovo Jo√£o amo√™do, aproveite todo tempo para nos livrar dos PTRALHAS."
Ponta Grossa - PR,Entenda as propostas de Jo√£o Amo√™do para a presid√™ncia do Brasil https://t.co/8IJnBD0iNv
"Guaratinguet√°, Brasil","Ultimamente o Jo√£o Amo√™do s√≥ abre a boca pra falar merd* e separar a direita. J√° teve minha admira√ß√£o, hj n√£o mais. #Bolsonaro17"
,@NanaGouvea O que acha do Jo√£o Amoedo @NanaGouvea ?
"Santa Catarina, Brasil",O eleitor do Jo√£o amoedo assumiu uma paix√£ozinha por mim desde 2011
,Jo√£o Amo√™do nos debates: Apoie essa id√©ia! - Assine a peti√ß√£o! https://t.co/9zgNzM2jQh via @change_br
